"movie_name","movie_url","movie_opening","movie_weekend","movie_firstweek","movie_total","movie_total_worldwide","movie_genre","movie_movierelease","movie_director","movie_director_url","movie_banner","movie_producer","movie_stars","movie_details"
"Angrezi Medium","https://www.bollywoodmdb.com/movies/hindi-medium-2/16445",": 4.03 cr",": 9.03 cr",": 9.36 cr",": 9.36 cr",": 13.50 cr","Drama, Comedy","13 March, 2020 | 2 hrs 25 mins","Homi Adajania","https://www.bollywoodmdb.com/celebrities/homi-adajania/13608","Banner : Maddock Films, Jio Studios","Producer : Dinesh Vijan , Jyoti Deshpande","Star : Irrfan Khan , Radhika Madan, Kareena Kapoor","When his daughter decides to further her studies in London, a hardworking Rajasthani businessman does everything in power to make her dreams come true."
"Baaghi 3","https://www.bollywoodmdb.com/movies/baaghi-3/16444",": 17.50 cr",": 53.83 cr",": 90.67 cr",": 93.37 cr",": 137 cr","Action","06 March, 2020 | 2 hrs 27 mins","Ahmed Khan","https://www.bollywoodmdb.com/celebrities/ahmed-khan/4219","Banner : Nadiadwala Grandson Entertainment, Fox Star Studios","Producer : Sajid Nadiadwala","Star : Tiger Shroff , Shraddha Kapoor, Riteish Deshmukh","A man embarks on a bloody rampage to save his kidnapped brother."
"Thappad","https://www.bollywoodmdb.com/movies/thappad/16643",": 3.07 cr",": 14.66 cr",": 22.79 cr",": 30.61 cr",": 44.50 cr","Drama, Social","28 February, 2020 | 2 hrs 22 mins","Anubhav Sinha","https://www.bollywoodmdb.com/celebrities/anubhav-sinha/4215","Banner : Benaras Media Works, T-Series Super Cassettes Industries Ltd.","Producer : Bhushan Kumar , Krishan Kumar, Anubhav Sinha","Star : Taapsee Pannu , Pavail Gulati, Dia Mirza","Thappad is a story of Amrita whose seemingly perfect life is shattered when her husband slaps her once in a party. But is one slap enough to question what a relationship stands for?"
"Shubh Mangal Zyada Saavdhan","https://www.bollywoodmdb.com/movies/shubh-mangal-zyada-saavdhan/16586",": 9.55 cr",": 32.66 cr",": 44.84 cr",": 62.78 cr",": 86.39 cr","Comedy, Romance","21 February, 2020 | 2 hrs","Hitesh Kewalya","https://www.bollywoodmdb.com/celebrities/hitesh-kewalya/35183","Banner : Colour Yellow Productions Pvt Ltd, T-Series Super Cassettes Industries Ltd.","Producer : Aanand L Rai , Himanshu Sharma, Bhushan Kumar","Star : Ayushman Khurana , Jitendra Kumar, Gajraj Rao","The road to achieving a happy ending is a little too rough for Kartik and Aman. While Aman's family tries hard to battle his love for Kartik, Kartik isn't prepared to step back until he marries Aman."
"Bhoot: Part One - The Haunted Ship","https://www.bollywoodmdb.com/movies/bhoot-part-one-the-haunted-ship/16606",": 5.10 cr",": 16.36 cr",": 24.18 cr",": 31.97 cr",": 40.94 cr","Horror","21 February, 2020 | 1 hrs 57 mins","Bhanu Pratap Singh","https://www.bollywoodmdb.com/celebrities/bhanu-pratap-singh/36834","Banner : Dharma Productions, Zee Studios","Producer : Hiroo Johar , Karan Johar, Apoorva Mehta","Star : Vicky Kaushal , Bhumi Pednekar, Ashutosh Rana","A couple is trapped on an abandoned ship lying static on a beach."
"Love Aaj Kal","https://www.bollywoodmdb.com/movies/aaj-kal/16576",": 12 cr",": 26 cr",": 32.60 cr",": 34.99 cr",": 52.60 cr","Romance","14 February, 2020 | 2 hrs 21 mins","Imtiaz Ali","https://www.bollywoodmdb.com/celebrities/imtiaz-ali/4483","Banner : Maddock Films, Jio Studios, Reliance Entertainment","Producer : Dinesh Vijan , Imtiaz Ali","Star : Kartik Aaryan , Sara Ali Khan, Arushi Sharma","Two different individuals on a journey of love, loss and life through the phases of Reincarnation."
"Malang","https://www.bollywoodmdb.com/movies/malang/16343",": 6.71 cr",": 25.36 cr",": 39.65 cr",": 58.04 cr",": 76.30 cr","Romance, Action","07 February, 2020 | 2 hrs 14 mins","Mohit Suri","https://www.bollywoodmdb.com/celebrities/mohit-suri/4646","Banner : Luv Films, Northern Lights Films, T-Series Super Cassettes Industries Ltd.","Producer : Bhushan Kumar , Krishan Kumar, Luv Ranjan","Star : Aditya Roy Kapur , Disha Patani, Anil Kapoor","Advait visits Goa where he meets Sara, a free-spirited girl who lives life unshackled. Opposites attract and all goes well until life turns upside down. Years later, Advait is on a killing spree with cops Aghase and Michael in his way."
"Shikara","https://www.bollywoodmdb.com/movies/shikara-a-love-letter-from-kashmir/16657",": 1.20 cr",": 4.95 cr",": 6.70 cr",": 7.95 cr",": ---","Drama, Romance","07 February, 2020 | 2 hrs","Vidhu Vinod Chopra","https://www.bollywoodmdb.com/celebrities/vidhu-vinod-chopra/5247","Banner : Fox Star Studios","Producer : Vidhu Vinod Chopra","Star : Sadia , Aadil Khan","Shikara is the story of resilience in the face of insurmountable odds. It's also the story of a love that remains unextinguished through 30 years of exile. A timeless love story in the worst of times."
"Jawaani Jaaneman","https://www.bollywoodmdb.com/movies/jawani-janeman/16525",": 3.24 cr",": 12.83 cr",": 20.21 cr",": 27.91 cr",": 43.83 cr","Comedy, Drama","31 January, 2020 | 1 hrs 59 mins","Nitin Kakkar","https://www.bollywoodmdb.com/celebrities/nitin-kakkar/29626","Banner : Pooja Entertainment, Black Knight Films, Northern Lights Films","Producer : Jackky Bhagnani , Deepshikha Deshmukh, Saif Ali Khan","Star : Saif Ali Khan , Alaya F, Tabu","A 40 year-old playboy's life turns upside down when he comes to know that he has a 20 something year-old daughter."
"Panga","https://www.bollywoodmdb.com/movies/panga/16513",": 2.70 cr",": 14.91 cr",": 21.36 cr",": 25.64 cr",": 41.58 cr","Sports, Drama","24 January, 2020 | 2 hrs 9 mins","Ashwiny Iyer Tiwari","https://www.bollywoodmdb.com/celebrities/ashwiny-iyer-tiwari/34210","Banner : Fox Star Studios","Producer : Fox Star Studios","Star : Kangana Ranaut , Jassie Gill, Richa Chadda","Panga is inspired from the life of a national level Kabbadi player from India. It follows her triumphs, struggle and overcoming of stereotypes. It shows how important the love and support of your family is for you to be successful."
"Street Dancer 3D","https://www.bollywoodmdb.com/movies/varun-dhawan-katrina-kaif-s-next/16451",": 10.26 cr",": 41.23 cr",": 56.77 cr",": 74.22 cr",": 95.70 cr","Dance","24 January, 2020 | 2 hrs 24 mins","Remo D'Souza","https://www.bollywoodmdb.com/celebrities/remo-d-souza/23614","Banner : T-Series Super Cassettes Industries Ltd., Remo D'Souza Entertainment","Producer : Bhushan Kumar , Divya Khosla Kumar, Krishan Kumar","Star : Varun Dhawan , Shraddha Kapoor, Prabhu Deva","A coming-of-age story based on the lives of street dancers."
"Tanhaji: The Unsung Warrior","https://www.bollywoodmdb.com/movies/taanaji-the-unsung-warrior/16366",": 15.10 cr",": 61.75 cr",": 118.91 cr",": 276.90 cr",": 341 cr","Historical, Action","10 January, 2020 | 2 hrs 14 mins","Om Raut","https://www.bollywoodmdb.com/celebrities/om-raut/23786","Banner : T-Series Super Cassettes Industries Ltd., Ajay Devgn Ffilms","Producer : Ajay Devgn , Bhushan Kumar, Krishan Kumar","Star : Ajay Devgn , Saif Ali Khan, Kajol","It is based on the life of Tanaji Malusare, a 17th-century Maharashtrian Marathi military leader."
"Chhapaak","https://www.bollywoodmdb.com/movies/chhapaak/16542",": 4.77 cr",": 19.02 cr",": 28.38 cr",": 32.48 cr",": 55.38 cr","Drama","10 January, 2020 | 2 hrs 3 mins","Meghna Gulzar","https://www.bollywoodmdb.com/celebrities/meghna-gulzar/4641","Banner : Fox Star Studios, Ka Productions, Mriga Films","Producer : Fox Star Studios , Deepika Padukone, Govind Singh Sandhu","Star : Deepika Padukone , Vikrant Massey, Madhurjeet Sarghi","The trials and triumphs of Malti, an acid attack survivor. From the investigation of the attack to the court proceedings, the medical treatment to the emotional healing. Chhapaak is the story of the unquashable human spirit."
"Good Newwz","https://www.bollywoodmdb.com/movies/good-news/16504",": 17.56 cr",": 64.99 cr",": 127.90 cr",": 201.14 cr",": 304.71 cr","Comedy","27 December, 2019 | 2 hrs 14 mins","Raj Mehta","https://www.bollywoodmdb.com/celebrities/raj-mehta/36240","Banner : Dharma Productions, Cape of Good Films, Zee Studios","Producer : Hiroo Johar , Aruna Bhatia, Karan Johar","Star : Akshay Kumar , Kareena Kapoor, Diljit Dosanjh","Two couples with the same surnames pursue in-vitro fertilization and wait for their upcoming babies. Trouble ensues when they find that the sperms of each couple have been mixed with each other."
"Dabangg 3","https://www.bollywoodmdb.com/movies/dabangg-3/16074",": 24.50 cr",": 81.15 cr",": 126.55 cr",": 145.90 cr",": 212.87 cr","Action","20 December, 2019 | 2 hrs 43 mins","Prabhu Deva","https://www.bollywoodmdb.com/celebrities/prabhu-deva/7003","Banner : Salman Khan Films, Saffron Broadcast & Media Limited, Arbaaz Khan Productions","Producer : Salma Khan , Arbaaz Khan, Nikhil Dwivedi","Star : Salman Khan , Sonakshi Sinha, Saiee M Manjrekar","Chulbul Pandey encounters an enemy from his past, and his origin story as the fearless cop unfolds."
"Mardaani 2","https://www.bollywoodmdb.com/movies/mardaani-2/16541",": 3.80 cr",": 18.15 cr",": 28.05 cr",": 47.51 cr",": 66.86 cr","Crime, Action, Thriller","13 December, 2019 | 1 hrs 46 mins","Gopi Puthran","https://www.bollywoodmdb.com/celebrities/gopi-puthran/24517","Banner : Yash Raj Films","Producer : Aditya Chopra","Star : Rani Mukherjee , Vishal Jethwa, Shruti Bapna","Shivani Shivaji Roy locks horns with the devil incarnate, a young & remorseless serial killer who is raping & murdering young women."
"Pati Patni Aur Woh","https://www.bollywoodmdb.com/movies/pati-patni-aur-woh/16551",": 9.10 cr",": 35.94 cr",": 55.97 cr",": 86.77 cr",": 115.56 cr","Comedy","06 December, 2019 | 2 hrs 8 mins","Mudassar Aziz","https://www.bollywoodmdb.com/celebrities/mudassar-aziz/9650","Banner : B R Studios, T-Series Super Cassettes Industries Ltd.","Producer : Bhushan Kumar , Renu Ravi Chopra, Krishan Kumar","Star : Kartik Aaryan , Bhumi Pednekar, Ananya Panday","Chintu Tyagi is an ordinary, middle class man who finds himself torn between his wife and another woman."
"Panipat","https://www.bollywoodmdb.com/movies/panipat/16449",": 4.12 cr",": 17.68 cr",": 25.68 cr",": 34.28 cr",": 49.29 cr","Historical, war, Action","06 December, 2019 | 2 hrs 42 mins","Ashutosh Gowariker","https://www.bollywoodmdb.com/celebrities/ashutosh-gowariker/138","Banner : Ashutosh Gowariker Productions, Vision World","Producer : Sunita Gowariker , Rohit Shelatkar","Star : Sanjay Dutt , Arjun Kapoor, Kriti Sanon","The film is based on the third battle of Panipat which took place on the 14 of January in 1761 between the Marathas and the King of Afghanistan, Ahmad Shah Abdali."
"Commando 3","https://www.bollywoodmdb.com/movies/commando-3/16562",": 4.74 cr",": 18.33 cr",": 29.24 cr",": 32.44 cr",": 40.15 cr","Action","29 November, 2019 | 2 hrs 13 mins","Aditya Datt","https://www.bollywoodmdb.com/celebrities/aditya-datt/4194","Banner : Sunshine Pictures Pvt. Ltd, Reliance Entertainment, Motion Picture Capital","Producer : Vipul Shah , Reliance Entertainment, Motion Picture Capital","Star : Vidyut Jamwal , Adah Sharma, Angira Dhar","Karan goes to London to stop a terrorist attack on India."
"Marjaavaan","https://www.bollywoodmdb.com/movies/marjaavaan/16531",": 7.03 cr",": 24.42 cr",": 37.87 cr",": 48.37 cr",": 65.34 cr","Action, Romance, Drama","15 November, 2019 | 2 hrs 17 mins","Milap Zaveri","https://www.bollywoodmdb.com/celebrities/milap-zaveri/10405","Banner : Emmay Entertainment Pvt. Ltd, T-Series Super Cassettes Industries Ltd.","Producer : Bhushan Kumar , Divya Khosla Kumar, Krishan Kumar","Star : Siddharth Malhotra , Riteish Deshmukh, Tara Sutaria","Raghu and Zoya are enjoying their lives together until a gang leader with harmful intentions turns their world upside down."
"Bala","https://www.bollywoodmdb.com/movies/bala/16539",": 10.15 cr",": 43.95 cr",": 72.24 cr",": 115.28 cr",": 169.67 cr","Comedy","08 November, 2019 | 2 hrs 9 mins","Amar Kaushik","https://www.bollywoodmdb.com/celebrities/amar-kaushik/25266","Banner : Maddock Films, Jio Studios","Producer : Dinesh Vijan","Star : Ayushman Khurana , Bhumi Pednekar, Yami Gautam","It tells the story of a man who is balding prematurely and how he copes up with the situation."
"Ujda Chaman","https://www.bollywoodmdb.com/movies/ujda-chaman/16647",": 02.35 cr",": 09.50 cr",": 09.50 cr",": 12.00 cr",": ---","Comedy, Drama","01 November, 2019 | 2 hrs","Abhishek Pathak","https://www.bollywoodmdb.com/celebrities/abhishek-pathak/25318","Banner : Panorama Studios","Producer : Kumar Mangat Pathak , Abhishek Pathak","Star : Sunny Singh Nijjar , Maanvi Gagroo, Saurabh Shukla","Chaman Kohli is 30 -year-old bachelor with Premature Balding and in quest of a beautiful wife. Chaman hits rock bottom when an astrologer gives him a deadline to find himself a wife or remain a celibate forever."
"Housefull 4","https://www.bollywoodmdb.com/movies/housefull-4/16406",": 16.50 cr",": 46.50 cr",": 129.35 cr",": 194.59 cr",": 279.11 cr","Comedy","25 October, 2019 | 2 hrs 22 mins","Farhad Samji","https://www.bollywoodmdb.com/celebrities/farhad-samji/34426","Banner : Nadiadwala Grandson Entertainment, Fox Star Studios","Producer : Sajid Nadiadwala , Firuzi Khan","Star : Akshay Kumar , Riteish Deshmukh, Bobby Deol","A set of three brothers are due to marry a set of three sisters, until one of the brothers starts to realize that they are all reincarnations from 600 years earlier and the wrong couples are about to get married."
"Saand Ki Aankh","https://www.bollywoodmdb.com/movies/saand-ki-aankh/16559",": 0.48 cr",": 2.47 cr",": 11.68 cr",": 23.39 cr",": 30.63 cr","Biographical","25 October, 2019 | 2 hrs 29 mins","Tushar Hiranandani","https://www.bollywoodmdb.com/celebrities/tushar-hiranandani/10406","Banner : Reliance Entertainment, Chalk and Cheese Films","Producer : Reliance Entertainment , Anurag Kashyap, Nidhi Parmar","Star : Taapsee Pannu , Bhumi Pednekar, Prakash Jha","Both over the age of 60, Chandro Tomar and Prakashi Tomar inspire other women in India when they demonstrate their expert sharpshooting skills."
"The Sky Is Pink","https://www.bollywoodmdb.com/movies/the-sky-is-pink/16502",": 2.50 cr",": 10.40 cr",": 15.15 cr",": 20.03 cr",": 34.41 cr","Biographical","11 October, 2019 | 2 hrs 29 mins","Shonali Bose","https://www.bollywoodmdb.com/celebrities/shonali-bose/13285","Banner : RSVP, Roy Kapur Films, Purple Pebble Pictures","Producer : Siddharth Roy Kapur , Ronnie Screwvala","Star : Priyanka Chopra , Farhan Akhtar, Zaira Wasim","It is based on the love story of a couple spanning 25 years, told through the lens of their spunky teenage daughter Aisha Chaudhary, who was diagnosed with a Pulmonary fibrosis"
"Sye Raa Narasimha Reddy","https://www.bollywoodmdb.com/movies/sye-raa-narasimha-reddy/16630",": 2.60 cr",": ---",": ---",": 2.60 cr",": ---","Historical, Action","02 October, 2019 | 2 hrs 50 mins","Surender Reddy","https://www.bollywoodmdb.com/celebrities/surender-reddy/36889","Banner : Konidela Production Company, Excel Entertainment","Producer : Ram Charan","Star : Chiranjeevi , Amitabh Bachchan, Nayanthara","A historical action epic inspired by the life of Uyyalawada Narasimha Reddy, who revolted against the atrocities of East India Company 10 years before the Sepoy Mutiny."
"War","https://www.bollywoodmdb.com/movies/siddharth-anand-s-next/16395",": 53.35 cr",": 166.25 cr",": 238.35 cr",": 318.01 cr",": 455 cr","Action, Thriller","02 October, 2019 | 2 hrs 36 mins","Siddharth Anand","https://www.bollywoodmdb.com/celebrities/siddharth-anand/36907","Banner : Yash Raj Films","Producer : Aditya Chopra","Star : Hrithik Roshan , Tiger Shroff, Vaani Kapoor","An Indian soldier chases after his mentor who has gone rogue following an unexpected kill."
"Pal Pal Dil Ke Paas","https://www.bollywoodmdb.com/movies/pal-pal-dil-ke-paas/16339",": 1.25 cr",": 4.80 cr",": 4.80 cr",": 4.80 cr",": ---","Romance, Drama","20 September, 2019 | 2 hrs 33 mins","Sunny Deol","https://www.bollywoodmdb.com/celebrities/sunny-deol/711","Banner : Zee Studios, Sunny Sounds Pvt Ltd","Producer : Zee Studios , Sunny Sounds Pvt Ltd","Star : Karan Deol , Sahher Bambba, Aakash Ahuja","When video blogger Saher Sethi embarks on a tedious trek with mountaineer Karan Sehgal, sparks are bound to fly. But will their love story blossom despite the odds?"
"Section 375","https://www.bollywoodmdb.com/movies/section-375/16550",": 1.45 cr",": 8.04 cr",": 12.49 cr",": 12.49 cr",": 22.30 cr","Drama","13 September, 2019 | 2 hrs 4 mins","Ajay Bahl","https://www.bollywoodmdb.com/celebrities/ajay-bahl/29550","Banner : Panorama Studios, SCIPL","Producer : Kumar Mangat Pathak , Abhishek Pathak, SCIPL","Star : Akshaye Khanna , Richa Chadda, Rahul Bhat","A celebrated Bollywood director Rohan Khurana stands accused by a female member of his crew, Anjali Dangle of having raped her at his residence."
"Dream Girl","https://www.bollywoodmdb.com/movies/dream-girl/16538",": 10.05 cr",": 44.57 cr",": 72.20 cr",": 139.70 cr",": 128.24 cr","Comedy","13 September, 2019 | 2 hrs 12 mins","Raaj Shaandilyaa","https://www.bollywoodmdb.com/celebrities/raaj-shaandilyaa/34572","Banner : Balaji Motion Pictures","Producer : Shobha Kapoor , Ekta Kapoor","Star : Ayushman Khurana , Nushrat Bharucha, Annu Kapoor","Rom-com Movie, directed by Raaj Shaandilyaa, stars Ayushmann Khurrana who plays a 'dream girl'. In every love story, there is always one trying to win the heart of the other, who could be the 'dream girl'."
"Chhichhore","https://www.bollywoodmdb.com/movies/nitesh-tiwari-s-next/16477",": 7.32 cr",": 35.98 cr",": 68.83 cr",": 150.36 cr",": 170.99 cr","Comedy, Drama","06 September, 2019 | 2 hrs 26 mins","Nitesh Tiwari","https://www.bollywoodmdb.com/celebrities/nitesh-tiwari/24451","Banner : Fox Star Studios, Nadiadwala Grandson Entertainment","Producer : Sajid Nadiadwala","Star : Sushant Singh Rajput , Shraddha Kapoor, Varun Sharma","Following a group of friends from university as they progress into middle-age life and go their own separate ways."
"Saaho","https://www.bollywoodmdb.com/movies/saaho/16321",": 24.40 cr",": 79.08 cr",": 116.03 cr",": 130.98 cr",": 424 cr","Action, Thriller","30 August, 2019 | 2 hrs 51 mins","Sujeeth","https://www.bollywoodmdb.com/celebrities/sujeeth/34987","Banner : UV Creations, T-Series Super Cassettes Industries Ltd.","Producer : Vamsi - Pramod","Star : Prabhas , Shraddha Kapoor, Jackie Shroff","An undercover cop becomes embroiled in a battle with warring criminals who want to acquire a 'black box', their ultimate key to a treasure."
"Batla House","https://www.bollywoodmdb.com/movies/batla-house/16473",": 15.55 cr",": 47.99 cr",": 69.99 cr",": 86.04 cr",": 113.49 cr","Action, Crime, Thriller","15 August, 2019 | 2 hrs 26 mins","Nikhil Advani","https://www.bollywoodmdb.com/celebrities/nikhil-advani/4740","Banner : T-Series Super Cassettes Industries Ltd., Emmay Entertainment Pvt. Ltd, JA Entertainment","Producer : Bhushan Kumar , Divya Khosla Kumar, Krishan Kumar","Star : John Abraham , Mrunal Thakur, Manish Choudhary","After a deadly encounter, a police officer struggles to catch the fugitives and prove the police acted lawfully, while being despised by the whole nation."
"Mission Mangal","https://www.bollywoodmdb.com/movies/mission-mangal/16534",": 29.16 cr",": 97.56 cr",": 128.16 cr",": 200.16 cr",": 239.83 cr","Drama","15 August, 2019 | 2 hrs 13 mins","Jagan Shakti","https://www.bollywoodmdb.com/celebrities/jagan-shakti/35674","Banner : Fox Star Studios, Cape of Good Films, Hope Productions","Producer : Cape of Good Films , Hope Productions, Fox Star Studios","Star : Akshay Kumar , Vidya Balan, Taapsee Pannu","Based on true events of the Indian Space Research Organisation (ISRO) successfully launching the Mars Orbiter Mission (Mangalyaan), making it the least expensive mission to Mars."
"Jabariya Jodi","https://www.bollywoodmdb.com/movies/jabariya-jodi/16510",": 3.15 cr",": 12 cr",": ---",": 12 cr",": ---","Action, Romance, Comedy","09 August, 2019 | 2 hrs 24 mins","Prashant Singh","https://www.bollywoodmdb.com/celebrities/prashant-singh/30603","Banner : Balaji Motion Pictures, Karma Media Entertainment","Producer : Shobha Kapoor , Ekta Kapoor, Shailesh R. Singh","Star : Siddharth Malhotra , Parineeti Chopra, Javed Jaffrey","Based on groom kidnappings in Bihar, where the groom is kidnapped to avoid dowry, the film has Siddharth Malhotra playing a thug who helps kidnap grooms. It also features Parineeti Chopra in a prominent role."
"Judgemental Hai Kya","https://www.bollywoodmdb.com/movies/mental-hai-kya/16447",": 5.40 cr",": 22.04 cr",": 31.42 cr",": 40.10 cr",": 44.92 cr","Comedy, Crime, Thriller","26 July, 2019 | 2 hrs 1 mins","Prakash Kovelamudi","https://www.bollywoodmdb.com/celebrities/prakash-kovelamudi/35823","Banner : Karma Media and Entertainment, Balaji Motion Pictures","Producer : Shobha Kapoor , Ekta Kapoor, Shailesh R. Singh","Star : Kangana Ranaut , Rajkummar Rao, Jimmy Shergill","Following the story of two quirky individuals whose lives pivot between reality and illusions."
"Super 30","https://www.bollywoodmdb.com/movies/super-30/16394",": 11.83 cr",": 50.76 cr",": 75.85 cr",": 146.58 cr",": 184.97 cr","Biographical","12 July, 2019 | 2 hrs 34 mins","Vikas Bahl","https://www.bollywoodmdb.com/celebrities/vikas-bahl/23937","Banner : Nadiadwala Grandson Entertainment, Phantom Productions, HRX Films","Producer : Nadiadwala Grandson Entertainment , Phantom Films, Reliance Entertainment","Star : Hrithik Roshan , Mrunal Thakur, Nandish Singh","Based on life of Patna-based mathematician Anand Kumar who runs the famed Super 30 program for IIT aspirants in Patna."
"Article 15","https://www.bollywoodmdb.com/movies/article-15/16566",": 5.02 cr",": 20.04 cr",": 34.21 cr",": 63.05 cr",": 90.15 cr","Crime, Thriller","28 June, 2019 | 2 hrs 11 mins","Anubhav Sinha","https://www.bollywoodmdb.com/celebrities/anubhav-sinha/4215","Banner : Zee Studios, Benaras Media Works","Producer : Anubhav Sinha , Zee Studios","Star : Ayushman Khurana , Isha Talwar, Sayani Gupta","Set against the backdrop of Badaun gangrape and murder case (2014), Anubhav Sinha's Article 15 is a thrilling investigative drama based on true events."
"Kabir Singh","https://www.bollywoodmdb.com/movies/arjun-reddy-remake/16472",": 20.21 cr",": 70.83 cr",": 134.42 cr",": 278.24 cr",": 369.58 cr","Drama","21 June, 2019 | 2 hrs 55 mins","Sandeep Reddy Vanga","https://www.bollywoodmdb.com/celebrities/sandeep-reddy-vanga/36481","Banner : T-Series Super Cassettes Industries Ltd., Cine1 Studios","Producer : Bhushan Kumar , Krishan Kumar, Murad Khetani","Star : Shahid Kapoor , Kiara Advani, Arjan Bajwa","Kabir Singh is a remake of a Telugu movie Arjun Reddy (2017), where a short-tempered house surgeon gets used to drugs and drinks when his girlfriend is forced to marry another person."
"Game Over","https://www.bollywoodmdb.com/movies/game-over/16608",": 0.97 cr",": 4.95 cr",": 9.02 cr",": 11.06 cr",": 11.06 cr","Thriller","14 June, 2019 | 1 hrs 43 mins","Ashwin Saravanan","https://www.bollywoodmdb.com/celebrities/ashwin-saravanan/36848","Banner : Y Not Studios, Reliance Entertainment","Producer : S. Sashikanth","Star : Taapsee Pannu , Vinodhini Vaidyanathan, Anish Kuruvilla","A nyctophobic woman has to fight her inner demons to stay alive in the game called life."
"Bharat","https://www.bollywoodmdb.com/movies/bharat/16405",": 42.30 cr",": 150.10 cr",": 180.05 cr",": 201.86 cr",": 314.68 cr","Drama, Period","05 June, 2019 | 2 hrs 35 mins","Ali Abbas Zafar","https://www.bollywoodmdb.com/celebrities/ali-abbas-zafar/23837","Banner : Salman Khan Films, Reel Life Production Pvt Ltd","Producer : Atul Agnihotri , Alvira Khan Agnihotri, Bhushan Kumar","Star : Salman Khan , Katrina Kaif, Disha Patani","At the cusp of India's birth as an Independent nation, a family makes an arduous journey to freedom at a cost. A young boy Bharat, makes a promise to his Father that he will keep his family together no matter what."
"PM Narendra Modi","https://www.bollywoodmdb.com/movies/pm-narendra-modi/16544",": 2.88 cr",": 11.76 cr",": 19.21 cr",": 20.95 cr",": 23 cr","Biographical","24 May, 2019 | 2 hrs 11 mins","Omung Kumar","https://www.bollywoodmdb.com/celebrities/omung-kumar/13163","Banner : Legend Studios","Producer : Suresh Oberoi , Sandeep Singh","Star : Vivek Oberoi , Manoj Joshi, Boman Irani","Biography of India's Prime Minister Shri Narendra Modi."
"India's Most Wanted","https://www.bollywoodmdb.com/movies/india-s-most-wanted/16471",": 2.10 cr",": 8.25 cr",": 10.90 cr",": 10.90 cr",": 14.23 cr","Action, Thriller","24 May, 2019 | 2 hrs 3 mins","Rajkumar Gupta","https://www.bollywoodmdb.com/celebrities/rajkumar-gupta/9615","Banner : Fox Star Studios, Raapchik Films","Producer : Fox Star Studios , Rajkumar Gupta, Myra Karn","Star : Arjun Kapoor , Pravin Singh Sisodia, Devendra Mishra","A group of intelligence officers embark on a top secret mission to track down a wanted international criminal."
"De De Pyaar De","https://www.bollywoodmdb.com/movies/ajay-devgn-luv-ranjan-s-next/16387",": 10.41 cr",": 38.54 cr",": 61.05 cr",": 95.86 cr",": 129.25 cr","Comedy, Romance","17 May, 2019 | 2 hrs 15 mins","Akiv Ali","https://www.bollywoodmdb.com/celebrities/akiv-ali/11180","Banner : Luv Films","Producer : Bhushan Kumar , Luv Ranjan, Ankur Garg","Star : Ajay Devgn , Tabu, Rakul Preet","A 50-year-old single father faces disapproval from his family and his ex-wife when he falls in love with a 26-year-old woman."
"Student Of The Year 2","https://www.bollywoodmdb.com/movies/student-of-the-year-2/16213",": 12.06 cr",": 38.83 cr",": 56.83 cr",": 68.82 cr",": 96.06 cr","Drama, Romance, Action","10 May, 2019 | 2 hrs 26 mins","Punit Malhotra","https://www.bollywoodmdb.com/celebrities/punit-malhotra/23921","Banner : Dharma Productions, Fox Star Studios","Producer : Hiroo Johar , Karan Johar, Apoorva Mehta","Star : Tiger Shroff , Tara Sutaria, Ananya Panday","A student must face off against bullies and overcome hurdles, both academic and romantic, to win his college's coveted Student of the Year trophy."
"Blank","https://www.bollywoodmdb.com/movies/blank/16521",": 0.97 cr",": 3.72 cr",": 5.11 cr",": 5.15 cr",": ---","Action, Thriller","03 May, 2019 | 1 hrs 51 mins","Tony D'souza","https://www.bollywoodmdb.com/celebrities/tony-d-souza/33549","Director : Behzad Khambata","Star : Sunny Deol , Karan Kapadia, Ishita Dutta","A suicide bomber loses his memory and has a bomb attached to his heart. It is up to the police officers to prevent this bomb from taking innocent lives.",""
"Kalank","https://www.bollywoodmdb.com/movies/shiddat/16252",": 21.60 cr",": 62.75 cr",": 73.70 cr",": 74.23 cr",": 121.96 cr","Period, Drama, Romance","17 April, 2019 | 2 hrs 48 mins","Abhishek Varman","https://www.bollywoodmdb.com/celebrities/abhishek-varman/28462","Banner : Fox Star Studios, Dharma Productions, Nadiadwala Grandson Entertainment","Producer : Karan Johar , Sajid Nadiadwala, Hiroo Johar","Star : Varun Dhawan , Alia Bhatt, Sonakshi Sinha","The lives of six enigmatic characters become entangled whilst in search of love, but separated by the dichotomy between the two worlds of Husnabad, a town in North India."
"The Tashkent Files","https://www.bollywoodmdb.com/movies/the-tashkent-files/16441",": 0.40 cr",": 2.20 cr",": 3.50 cr",": 16.75 cr",": ---","Drama, Period, Mystery, Thriller","12 April, 2019 | 2 hrs 24 mins","Vivek Agnihotri","https://www.bollywoodmdb.com/celebrities/vivek-agnihotri/5242","Banner : Zee Studios","Producer : Pranay Chokshi , Haresh Patel, Vivek Agnihotri","Star : Mithun Chakraborty , Naseeruddin Shah, Shweta Basu Prasad","The Tashkent Files is a thriller that revolves around the mysterious death of India's 2nd Prime Minister Shri Lal Bahadur Shastri and attempts to uncover if he had actually died a natural death, or, as alleged, was assassinated."
"Romeo Akbar Walter","https://www.bollywoodmdb.com/movies/romeo-akbar-walter/16310",": 5.35 cr",": 20.85 cr",": 30 cr",": 36.54 cr",": 53.33 cr","Spy, Action, Thriller","05 April, 2019 | 2 hrs 25 mins","Robbie Grewal","https://www.bollywoodmdb.com/celebrities/robbie-grewal/34922","Banner : Viacom18 Motion Pictures, Kyta Productions, VA Film Company","Producer : Viacom18 Motion Pictures , Dheeraj Wadhawan, Ajay Kapoor","Star : John Abraham , Jackie Shroff, Mouni Roy","During the India-Pakistan war of 1971, an Indian banker is recruited by RAW (Research and Analysis Wing) for a covert operation deep inside Pakistan."
"Junglee","https://www.bollywoodmdb.com/movies/junglee/16225",": 3.35 cr",": 13.85 cr",": 21.20 cr",": 24.30 cr",": 32.53 cr","Action, Thriller","29 March, 2019 | 1 hrs 55 mins","Chuck Russell","https://www.bollywoodmdb.com/celebrities/chuck-russell/35171","Banner : Junglee Pictures","Producer : Vineet Jain","Star : Vidyut Jamwal , Pooja Sawant, Asha Bhat","The story revolves around a vet, who on his homecoming to his father's elephant reserve, encounters and fights an international poachers racket."
"Kesari","https://www.bollywoodmdb.com/movies/kesari/16402",": 21.06 cr",": 78.07 cr",": 105.86 cr",": 150.91 cr",": 173.97 cr","Period, Action, war","21 March, 2019 | 2 hrs 30 mins","Anurag Singh","https://www.bollywoodmdb.com/celebrities/anurag-singh/4222","Banner : Azure Entertainment, Cape of Good Films, Zee Studios","Producer : Hiroo Johar , Aruna Bhatia, Karan Johar","Star : Akshay Kumar , Parineeti Chopra, Vansh Bhardwaj","The story of a Sikh warrior who participates in the Battle of Saragarhi while yearning for the respect of his estranged daughter."
"Badla","https://www.bollywoodmdb.com/movies/badla/16486",": 5.04 cr",": 23.20 cr",": 38 cr",": 88.02 cr",": 130.12 cr","Crime, Thriller","08 March, 2019 | 2 hrs","Sujoy Ghosh","https://www.bollywoodmdb.com/celebrities/sujoy-ghosh/5082","Banner : Red Chillies Entertainment, Azure Entertainment","Producer : Akshai Puri , Shah Rukh Khan, Sunir Kheterpal","Star : Amitabh Bachchan , Taapsee Pannu, Amrita Singh","A lawyer investigates further into the suspicious circumstances surrounding the death of a young man."
"Luka Chuppi","https://www.bollywoodmdb.com/movies/luka-chuppi/16490",": 8.01 cr",": 32.13 cr",": 53.70 cr",": 94.15 cr",": 122.84 cr","Comedy, Romance","01 March, 2019 | 2 hrs 6 mins","Laxman Utekar","https://www.bollywoodmdb.com/celebrities/laxman-utekar/18023","Banner : Maddock Films","Producer : Dinesh Vijan","Star : Kartik Aaryan , Kriti Sanon, Aparshakti Khurrana","Pretending to be married in order to cohabitate, a small-town couple lands in endless awkward situations to hide the truth from their orthodox families."
"Sonchiriya","https://www.bollywoodmdb.com/movies/sonchiriya/16439",": 1.20 cr",": 4.60 cr",": 6.55 cr",": 6.55 cr",": ---","Crime, Action","01 March, 2019 | 2 hrs 26 mins","Abhishek Chaubey","https://www.bollywoodmdb.com/celebrities/abhishek-chaubey/22801","Banner : RSVP","Producer : Ronnie Screwvala","Star : Sushant Singh Rajput , Bhumi Pednekar, Manoj Bajpai","Set in the Chambal valley, the film follows the story of a legion of dreaded, warring dacoits who once terrorized the Indian heartlands."
"Total Dhamaal","https://www.bollywoodmdb.com/movies/total-dhamaal/15268",": 16.50 cr",": 62.40 cr",": 94.55 cr",": 150.76 cr",": 152.19 cr","Comedy","22 February, 2019 | 2 hrs 10 mins","Indra Kumar","https://www.bollywoodmdb.com/celebrities/indra-kumar/4484","Banner : Fox Star Studios","Producer : Ajay Devgn , Ashok Thakeria, Markand Adhikari","Star : Ajay Devgn , Anil Kapoor, Madhuri Dixit","A group of people learn about a hidden treasure and then they race to find it and claim it."
"Gully Boy","https://www.bollywoodmdb.com/movies/gully-boy/16293",": 19.40 cr",": 72.45 cr",": 100.30 cr",": 139.38 cr",": 222.72 cr","Musical","14 February, 2019 | 2 hrs 36 mins","Zoya Akhtar","https://www.bollywoodmdb.com/celebrities/zoya-akhtar/11113","Banner : Excel Entertainment, Tiger Baby","Producer : Ritesh Sidhwani , Zoya Akhtar, Farhan Akhtar","Star : Ranveer Singh , Alia Bhatt, Kalki Koechlin","A coming-of-age story based on the lives of street rappers in Mumbai."
"Amavas","https://www.bollywoodmdb.com/movies/amaavas/16446",": 0.75 cr",": 2.50 cr",": 2.85 cr",": 2.85 cr",": ---","Horror","08 February, 2019 | 2 hrs 14 mins","Bhushan Patel","https://www.bollywoodmdb.com/celebrities/bhushan-patel/27122","Banner : Viiking Media & Entertainment Pvt Ltd., Simply West Productions Ltd, Weeping Grave Production","Producer : Raina Sachiin Joshi , Dipen Amin","Star : Sachiin Joshi , Nargis Fakhri, Vivan Bhatena","The lives of a couple turn into a nightmare, as dark forces lie in wait beneath the shadows of the haunted bungalow in which they have decided to stay."
"Ek Ladki Ko Dekha Toh Aisa Laga","https://www.bollywoodmdb.com/movies/ek-ladki-ko-dekha-toh-aisa-laga/16437",": 3.30 cr",": 13.53 cr",": 19.68 cr",": 22.01 cr",": 36.78 cr","Romance, Drama","01 February, 2019 | 2 hrs 1 mins","Shelly Chopra Dhar","https://www.bollywoodmdb.com/celebrities/shelly-chopra-dhar/35762","Banner : Vinod Chopra Films, Fox Star Studios","Producer : Vidhu Vinod Chopra","Star : Anil Kapoor , Sonam Kapoor, Rajkummar Rao","The film tells the story of Sweety Chaudhary, a closeted lesbian, and her attempts to come out to her conservative and traditional family."
"Manikarnika: The Queen Of Jhansi","https://www.bollywoodmdb.com/movies/rani-laxmibai/354",": 8.75 cr",": 42.55 cr",": 61.15 cr",": 91.70 cr",": 129.74 cr","Biographical","25 January, 2019 | 2 hrs 28 mins","Krish","https://www.bollywoodmdb.com/celebrities/krish/31183","Banner : Zee Studios, Kairos Kontent Studios","Producer : Zee Studios , Kamal Jain","Star : Jisshu Sengupta , Kangana Ranaut, Jisshu Sengupta","Story of Rani Lakshmibai, one of the leading figures of the Indian Rebellion of 1857 and her resistance to the British Raj."
"Thackeray","https://www.bollywoodmdb.com/movies/thackeray/16428",": 6 cr",": 22.90 cr",": 31.60 cr",": 31.60 cr",": 31.60 cr","Biographical","25 January, 2019 | 2 hrs 19 mins","Abhijit Panse","https://www.bollywoodmdb.com/celebrities/abhijit-panse/35686","Banner : Viacom18 Motion Pictures, Carnival Motion Pictures","Producer : Viacom18 Motion Pictures , Shrikant Bhasi, Varsha Sanjay Raut","Star : Nawazuddin Siddiqui , Amrita Rao, Rajesh Khera","From controversial cartoonist to powerful Mumbai politician, this biopic maps the meteoric rise of far-right Shiv Sena party founder, Bal Thackeray."
"Why Cheat India","https://www.bollywoodmdb.com/movies/cheat-india/16435",": 1.71 cr",": 6.80 cr",": 8.45 cr",": 8.45 cr",": 8.65 cr","Drama, Social","18 January, 2019 | 2 hrs 1 mins","Soumik Sen","https://www.bollywoodmdb.com/celebrities/soumik-sen/13638","Banner : Ellipsis Entertainment, Emraan Hashmi Films","Producer : Bhushan Kumar , Krishan Kumar, Tanuj Garg","Star : Emraan Hashmi , Shreya Dhanwanthary, Snigdhadeep Chatterjee","The movie focuses on existing malpractices in country's education system, the whole concept of buying your way through education, jobs and earnings. Even with an evolving education system, the country faces scams like SSC and HSC paper leaks, CBSE re-examination, Vyaapam, etc. The movie tries to shift the attention of people to understand the vulnerability of hardworking and gifted students who get left out."
"The Accidental Prime Minister","https://www.bollywoodmdb.com/movies/the-accidental-prime-minister/16347",": 3.40 cr",": 11.90 cr",": 16.30 cr",": 16.30 cr",": 31.84 cr","Biographical","11 January, 2019 | 1 hrs 52 mins","Sunil Bohra","https://www.bollywoodmdb.com/celebrities/sunil-bohra/5115","Director : Vijay Ratnakar Gutte","Star : Anupam Kher , Akshaye Khanna, Arjun Mathur","Explores Manmohan Singh's tenure as the Prime Minister of India and the kind of control he had over the cabinet and the country.",""
"Uri: The Surgical Strike","https://www.bollywoodmdb.com/movies/uri/16389",": 8.20 cr",": 35.73 cr",": 70.94 cr",": 244.06 cr",": 260.86 cr","Action","11 January, 2019 | 2 hrs 18 mins","Aditya Dhar","https://www.bollywoodmdb.com/celebrities/aditya-dhar/5315","Banner : RSVP","Producer : Ronnie Screwvala","Star : Vicky Kaushal , Yami Gautam, Paresh Rawal","Based on the true events of 2016, when Indian Army avenged a deadly terrorist attack by carrying out a surgical strike."
"Simmba","https://www.bollywoodmdb.com/movies/simmba/16420",": 20.72 cr",": 75.11 cr",": 150.81 cr",": 240.22 cr",": 317.61 cr","Action, Comedy, Drama","28 December, 2018 | 2 hrs 39 mins","Rohit Shetty","https://www.bollywoodmdb.com/celebrities/rohit-shetty/4858","Banner : Dharma Productions, Reliance Entertainment, Rohit Shetty Picturez","Producer : Hiroo Johar , Rohit Shetty, Apoorva Mehta","Star : Ranveer Singh , Sara Ali Khan, Sonu Sood","Simmba, a Corrupt Officer, enjoys all the perks of being an immoral and unethical police officer until a life-changing event forces him to choose the righteous path."
"KGF","https://www.bollywoodmdb.com/movies/kgf/16543",": 2.10 cr",": 9.20 cr",": 21.45 cr",": 43.93 cr",": ---","Action, Drama","21 December, 2018 | 2 hrs 35 mins","Prashanth Neel","https://www.bollywoodmdb.com/celebrities/prashanth-neel/36544","Banner : Hombale Films, Excel Entertainment","Producer : Vijay Kiragandur","Star : Yash , Srinidhi Shetty","A period drama narrates the 1700-year-old history of oppressed waging wars against their oppressors. Set in the early 80s, KGF - the first chapter centers the protagonist who leads a battle against oppressors."
"Zero","https://www.bollywoodmdb.com/movies/aanand-l-rai-s-next/16345",": 19.35 cr",": 54.60 cr",": 82.60 cr",": 88.85 cr",": 170.12 cr","Comedy, Romance","21 December, 2018 | 2 hrs 38 mins","Aanand L Rai","https://www.bollywoodmdb.com/celebrities/aanand-l-rai/19131","Banner : Red Chillies Entertainment, Colour Yellow Productions Pvt Ltd","Producer : Gauri Khan","Star : Shah Rukh Khan , Anushka Sharma, Katrina Kaif","The story revolves around Bauua Singh (Shah Rukh Khan), a vertically challenged man, who is full of charm and wit, with a pinch of arrogance. Born to a wealthy family and raised in an environment of affluence, he is challenged to broaden his horizon and find purpose in life."
"Kedarnath","https://www.bollywoodmdb.com/movies/kedarnath/16363",": 7.25 cr",": 27.75 cr",": 42.45 cr",": 57.44 cr",": 95.36 cr","Drama","07 December, 2018 | 2 hrs","Abhishek Kapoor","https://www.bollywoodmdb.com/celebrities/abhishek-kapoor/6209","Banner : Guy In The Sky Pictures, RSVP","Producer : Ronnie Screwvala , Pragya Kapoor","Star : Sushant Singh Rajput , Sara Ali Khan, Nitish Bharadwaj","A Hindu-Muslim love story, Kedarnath portrays how a Muslim pithoo saves a Hindu tourist from the Uttrakhand floods at the pilgrimage, and the love that eventually develops between them."
"2.0","https://www.bollywoodmdb.com/movies/robot-2-0/16214",": 20.25 cr",": 95 cr",": 139.75 cr",": 177.75 cr",": 520 cr","Sci-fi, Action","29 November, 2018 | 2 hrs 26 mins","Shankar","https://www.bollywoodmdb.com/celebrities/shankar/4120","Banner : Lyca Productions, Dharma Productions","Producer : Subaskaran","Star : Rajinikanth , Akshay Kumar, Amy Jackson","After facing a threat that is beyond the current understanding of science, the Government seeks the help of scientists. Dr. Vaseegaran suggests to assemble Chitti to fight against it."
"Bhaiaji Superhittt","https://www.bollywoodmdb.com/movies/bhaiyyaji-superhit/15310",": 1 cr",": 3.20 cr",": 4.25 cr",": 6.25 cr",": ---","Comedy, Action","23 November, 2018 | 2 hrs 13 mins","Neerraj Pathak","https://www.bollywoodmdb.com/celebrities/neerraj-pathak/29182","Banner : Metro Movies","Producer : Chirag Mahendra Dhariwal","Star : Sunny Deol , Preity Zinta, Arshad Warsi",""
"Pihu","https://www.bollywoodmdb.com/movies/pihu/16480",": 0.45 cr",": 1.60 cr",": 2.50 cr",": 2.50 cr",": ---","Drama, Thriller","16 November, 2018 | 1 hrs 33 mins","Vinod Kapri","https://www.bollywoodmdb.com/celebrities/vinod-kapri/33546","Banner : RSVP, Roy Kapur Films","Producer : Ronnie Screwvala , Siddharth Roy Kapur","Star : Myra Vishwakarma","The social thriller starring the two year baby girl. She is living in a home where the adults are going through a complicated phase. Being a toddler, she is occasionally trapped in the accidental situations."
"Mohalla Assi","https://www.bollywoodmdb.com/movies/mohalla-assi/15008",": 0.25 cr",": 0.55 cr",": 1.80 cr",": 1.80 cr",": ---","Drama","16 November, 2018 | 2 hrs","Dr Chandrakprakash Dwivedi","https://www.bollywoodmdb.com/celebrities/dr-chandrakprakash-dwivedi/27012","Banner : Crossword Entertainment Pvt Ltd","Producer : Vinay Tiwari","Star : Sunny Deol , Saakshi Tanwar, Saurabh Shukla","A Sanskrit priest decides to take matters in his hand when the locals of holy town Banaras stars to lure foreign tourists with fake spiritual gurus."
"Thugs Of Hindostan","https://www.bollywoodmdb.com/movies/thugs-of-hindostan/16229",": 52.25 cr",": 123 cr",": 140.40 cr",": 151.04 cr",": 251.84 cr","Action, Adventure","08 November, 2018 | 2 hrs 45 mins","Vijay Krishna Acharya","https://www.bollywoodmdb.com/celebrities/vijay-krishna-acharya/5241","Banner : Yash Raj Films","Producer : Aditya Chopra","Star : Amitabh Bachchan , Aamir Khan, Katrina Kaif","In the 18th century, the British East India Company is pitted against Khudabaksh, a 'Thug of the Seas' fighting to liberate his country. The English, not knowing how to defeat him, call on a talented con artist, Firangi Mallah."
"Baazaar","https://www.bollywoodmdb.com/movies/baazaar/16309",": 3.07 cr",": 11.93 cr",": 18.05 cr",": 28.02 cr",": ---","Crime, Drama","26 October, 2018 | 2 hrs 20 mins","Gauravv K Chawla","https://www.bollywoodmdb.com/celebrities/gauravv-k-chawla/34996","Banner : Emmay Entertainment Pvt. Ltd","Producer : Dheeraj Wadhawan , Ajay Kapoor, Monisha Advani","Star : Saif Ali Khan , Rohan Mehra, Chitrangada Singh",""
"Badhaai Ho","https://www.bollywoodmdb.com/movies/badhaai-ho/16414",": 7.35 cr",": 45.70 cr",": 66.10 cr",": 136.80 cr",": 180 cr","Comedy","18 October, 2018 | 2 hrs 6 mins","Amit Ravindernath Sharma","https://www.bollywoodmdb.com/celebrities/amit-ravindernath-sharma/33022","Banner : Chrome Pictures, Junglee Pictures","Producer : Vineet Jain , Aleya Sen, Hemant Bhandari","Star : Ayushman Khurana , Sanya Malhotra, Neena Gupta","A man faces embarrassment in the society when he finds out his mother is pregnant"
"Tumbbad","https://www.bollywoodmdb.com/movies/tumbbad/16494",": 0.65 cr",": 3.25 cr",": 5.85 cr",": 13.48 cr",": 8.09 cr","Horror, Thriller","12 October, 2018 | 1 hrs 53 mins","Rahi Anil Barve","https://www.bollywoodmdb.com/celebrities/rahi-anil-barve/36168","Banner : Eros International, Colour Yellow Productions Pvt Ltd","Producer : Sohum Shah , Aanand L Rai, Mukesh Shah","Star : Sohum Shah , Jyoti Malshe, Dhundhiraj Prabhakar Jogalekar","A mythological story about a goddess who created the entire universe. The plot revolves around the consequences when humans build a temple for her first-born."
"AndhaDhun","https://www.bollywoodmdb.com/movies/mud-mud-ke-na-dekh/16351",": 2.70 cr",": 15 cr",": 27.65 cr",": 41.90 cr",": 71.74 cr","Thriller, Suspense, Crime","05 October, 2018 | 2 hrs 20 mins","Sriram Raghavan","https://www.bollywoodmdb.com/celebrities/sriram-raghavan/5021","Banner : Viacom18 Motion Pictures, Matchbox Pictures","Star : Ayushman Khurana , Radhika Apte, Tabu","He sees what he shouldn't. She sees what he couldn't. So the question is, does he see it or not?",""
"Sui Dhaaga: Made In India","https://www.bollywoodmdb.com/movies/sui-dhaaga-made-in-india/16359",": 8.30 cr",": 36.60 cr",": 62.50 cr",": 79.02 cr",": 100 cr","Drama, Social","28 September, 2018 | 2 hrs 2 mins","Sharat Katariya","https://www.bollywoodmdb.com/celebrities/sharat-katariya/28511","Banner : Yash Raj Films","Producer : Maneesh Sharma","Star : Varun Dhawan , Anushka Sharma, Raghubir Yadav","A heart-warming story of pride and self-reliance, rooted in the heart of India."
"Pataakha","https://www.bollywoodmdb.com/movies/chhuriyaan/16462",": 0.90 cr",": 4.05 cr",": 7.64 cr",": 7.64 cr",": ---","Drama","28 September, 2018 | 2 hrs 16 mins","Vishal Bhardwaj","https://www.bollywoodmdb.com/celebrities/vishal-bhardwaj/23359","Banner : Kyta Productions, B4U Motion Pictures, Vishal Bhardwaj Pictures Pvt Ltd","Producer : Dheeraj Wadhawan , Ajay Kapoor, Ishan Saksena","Star : Sanya Malhotra , Radhika Madan, Sunil Grover","Based on Charan Singh Pathik's short story Do Behnein, Pataakha narrates the story of two feuding sisters who realize the true nature of their relationship only after marriage separates them."
"Batti Gul Meter Chalu","https://www.bollywoodmdb.com/movies/batti-gul-meter-chalu/16404",": 6.76 cr",": 23.26 cr",": 34.43 cr",": 37.26 cr",": 44.63 cr","Drama","21 September, 2018 | 2 hrs 43 mins","Shree Narayan Singh","https://www.bollywoodmdb.com/celebrities/shree-narayan-singh/11836","Banner : T-Series Super Cassettes Industries Ltd., Krti Pictures","Producer : Bhushan Kumar , Krishan Kumar, Nitin Chandrachud","Star : Shahid Kapoor , Shraddha Kapoor, Yami Gautam","The life of three friends takes a tragic turn due to an inflated electricity bill, which leads to a courtroom drama and social awakening."
"Manmarziyaan","https://www.bollywoodmdb.com/movies/manmarziyaan/16130",": 3.52 cr",": 14.33 cr",": 21.40 cr",": 26.45 cr",": 39.93 cr","Drama, Romance","14 September, 2018 | 2 hrs 37 mins","Anurag Kashyap","https://www.bollywoodmdb.com/celebrities/anurag-kashyap/4210","Banner : Colour Yellow Productions Pvt Ltd, Phantom Productions, Eros International","Producer : Aanand L Rai , Vikas Bahl, Vikramaditya Motwane","Star : Abhishek Bachchan , Taapsee Pannu, Vicky Kaushal","A love triangle between a spirited young woman, her outgoing boyfriend and a fiance who's husband material."
"Yamla Pagla Deewana Phir Se","https://www.bollywoodmdb.com/movies/yamla-pagla-deewana-phir-se/16376",": 1.82 cr",": 6.32 cr",": 9.42 cr",": 9.42 cr",": 14.70 cr","Comedy","31 August, 2018 | 2 hrs 28 mins","Bobby Deol","https://www.bollywoodmdb.com/celebrities/bobby-deol/11","Director : Navaniat Singh","","",""
"Stree","https://www.bollywoodmdb.com/movies/stree/16433",": 6.83 cr",": 32.27 cr",": 60.39 cr",": 129.67 cr",": 150.18 cr","Comedy, Horror","31 August, 2018 | 2 hrs 10 mins","Amar Kaushik","https://www.bollywoodmdb.com/celebrities/amar-kaushik/25266","Banner : Maddock Films","Producer : Dinesh Vijan , Raj Nidimoru, Krishna D.K.","Star : Rajkummar Rao , Shraddha Kapoor, Aparshakti Khurrana","Set in the town of Chanderi, Stree is based on the urban legend of Nale Ba that went viral in Karnataka in the 1990s, and features Shraddha Kapoor and Rajkummar Rao in pivotal roles."
"Happy Phirr Bhag Jayegi","https://www.bollywoodmdb.com/movies/happy-bhaag-jayegi-returns/16399",": 2.70 cr",": 11.78 cr",": 18.11 cr",": 18.11 cr",": 27.85 cr","Comedy","24 August, 2018 | 2 hrs 17 mins","Mudassar Aziz","https://www.bollywoodmdb.com/celebrities/mudassar-aziz/9650","Banner : Eros International, Colour Yellow Productions Pvt Ltd","Producer : Aanand L Rai , Krishika Lulla","Star : Sonakshi Sinha , Diana Penty, Jimmy Shergill",""
"Gold","https://www.bollywoodmdb.com/movies/gold/16253",": 25.25 cr",": 71.30 cr",": 89.30 cr",": 107.37 cr",": 149.50 cr","","15 August, 2018 | 2 hrs 33 mins","Reema Kagti","https://www.bollywoodmdb.com/celebrities/reema-kagti/4868","Banner : Excel Entertainment","Producer : Ritesh Sidhwani , Farhan Akhtar","Star : Akshay Kumar , Mouni Roy, Kunal Kapoor","Set in 1948, the historic story of India's first Olympic medal post their independence."
"Satyameva Jayate","https://www.bollywoodmdb.com/movies/raakh/16429",": 20.52 cr",": 56.91 cr",": 75.09 cr",": 75.09 cr",": 106.67 cr","Action, Thriller","15 August, 2018 | 2 hrs 21 mins","Milap Zaveri","https://www.bollywoodmdb.com/celebrities/milap-zaveri/10405","Banner : T-Series Super Cassettes Industries Ltd., Emmay Entertainment Pvt. Ltd","Producer : Bhushan Kumar , Krishan Kumar, Monisha Advani","Star : John Abraham , Manoj Bajpai, Aisha Sharma","DCP Shivansh has been tasked to catch Vir, the man behind police killings in the city. Both are eventually against the same enemy but divided by a fine line, the law."
"Fanney Khan","https://www.bollywoodmdb.com/movies/fanney-khan/16199",": 2.15 cr",": 7.15 cr",": 9.85 cr",": 9.85 cr",": 16.55 cr","Drama","03 August, 2018 | 2 hrs 10 mins","Atul Manjrekar","https://www.bollywoodmdb.com/celebrities/atul-manjrekar/35305","Banner : Rakeysh Omprakash Mehra Pictures, T-Series Super Cassettes Industries Ltd.","Producer : Bhushan Kumar , Rakeysh Omprakash Mehra, Anil Kapoor","Star : Anil Kapoor , Aishwarya Rai, Rajkummar Rao","Fanney Khan is a struggling singer who wants to make his daughter a big name in music world."
"Mulk","https://www.bollywoodmdb.com/movies/mulk/16386",": 1.68 cr",": 8.16 cr",": 12.81 cr",": 17.51 cr",": 26.28 cr","Drama","03 August, 2018 | 2 hrs 20 mins","Anubhav Sinha","https://www.bollywoodmdb.com/celebrities/anubhav-sinha/4215","Banner : Benaras Media Works, Soham Rockstar Entertainment","Producer : Deepak Mukut , Anubhav Sinha","Star : Rishi Kapoor , Taapsee Pannu, Rajat Kapoor","One family member tries to help her own family which are trapped in a dark controversy."
"Karwaan","https://www.bollywoodmdb.com/movies/karwaan/16418",": 1.60 cr",": 8.10 cr",": 12.40 cr",": 16.55 cr",": 22.87 cr","Drama, Comedy","03 August, 2018 | 2 hrs","Akarsh Khurana","https://www.bollywoodmdb.com/celebrities/akarsh-khurana/28480","Banner : RSVP, Ishka Films","Producer : Ronnie Screwvala , Priti Gupta","Star : Irrfan Khan , Dulquer Salmaan, Mithila Palkar","The movie depicts a journey carried out from Bangalore to Kochi by two friends, the reserved Avinash played by Dulquer Salmaan, and his friend Shaukat played by Irrfan Khan with a lighter take on life, who pick up the chirpy teenager Mithila on the way."
"Dhadak","https://www.bollywoodmdb.com/movies/dhadak/16410",": 8.71 cr",": 33.67 cr",": 51.56 cr",": 69.16 cr",": 109.88 cr","Drama, Romance","20 July, 2018 | 2 hrs 18 mins","Shashank Khaitan","https://www.bollywoodmdb.com/celebrities/shashank-khaitan/30999","Banner : Dharma Productions, Zee Studios","Producer : Karan Johar , Zee Studios, Hiroo Johar","Star : Ishaan Khatter , Janhvi Kapoor, Ashutosh Rana","Set in Rajasthan, this love story explores how the protagonists deal with issues like differences between castes and honor killings."
"Soorma","https://www.bollywoodmdb.com/movies/sandeep-singh-biopic/16415",": 3.20 cr",": 13.85 cr",": 21.21 cr",": 30.11 cr",": 38.14 cr","Biographical, Sports","13 July, 2018 | 2 hrs 11 mins","Shaad Ali","https://www.bollywoodmdb.com/celebrities/shaad-ali/5026","Banner : Sony Pictures Networks Productions, CS Films","Producer : Sony Pictures Networks Productions , Chitrangada Singh, Deepak Singh","Star : Diljit Dosanjh , Taapsee Pannu, Angad Bedi","Soorma is the story of the triumph of the human spirit, about a player, who made headlines for his miraculous comeback after facing a near death experience through sheer determination, hard work and unrelenting passion for the sport."
"Sanju","https://www.bollywoodmdb.com/movies/sanjay-dutt-s-biopic/16346",": 34.75 cr",": 120.06 cr",": 202.51 cr",": 341.22 cr",": 579 cr","Biographical","29 June, 2018 | 2 hrs 42 mins","Rajkumar Hirani","https://www.bollywoodmdb.com/celebrities/rajkumar-hirani/10926","Banner : Vinod Chopra Films, Rajkumar Hirani Films, Fox Star Studios","Producer : Vidhu Vinod Chopra , Rajkumar Hirani","Star : Ranbir Kapoor , Paresh Rawal, Manisha Koirala","A biopic of the controversial life of actor Sanjay Dutt: his film career, jail sentence and personal life."
"Race 3","https://www.bollywoodmdb.com/movies/race-3/16378",": 29.17 cr",": 106.47 cr",": 144.51 cr",": 161.04 cr",": 300.04 cr","Action, Thriller","15 June, 2018 | 2 hrs 40 mins","Remo D'Souza","https://www.bollywoodmdb.com/celebrities/remo-d-souza/23614","Banner : Tips Music Films, Salman Khan Films","Producer : Salma Khan , Ramesh S. Taurani","Star : Salman Khan , Jacqueline Fernandez, Anil Kapoor","Revolves around a family that deals in borderline crime; ruthless and vindictive to the core."
"Veere Di Wedding","https://www.bollywoodmdb.com/movies/veere-di-wedding/16193",": 10.70 cr",": 36.52 cr",": 56.96 cr",": 80.23 cr",": 88.64 cr","Comedy","01 June, 2018 | 2 hrs 5 mins","Shashanka Ghosh","https://www.bollywoodmdb.com/celebrities/shashanka-ghosh/13905","Banner : Anil Kapoor Film Company, Balaji Motion Pictures","Producer : Shobha Kapoor , Anil Kapoor, Ekta Kapoor","Star : Kareena Kapoor , Sonam Kapoor, Swara Bhaskar","Four girls on their way to find true love discover that friendship this strong has its consequences."
"Parmanu: The Story of Pokhran","https://www.bollywoodmdb.com/movies/parmanu-the-story-of-pokhran/16344",": 4.82 cr",": 20.78 cr",": 35.41 cr",": 65.36 cr",": 70.82 cr","Action","25 May, 2018 | 2 hrs 10 mins","Abhishek Sharma","https://www.bollywoodmdb.com/celebrities/abhishek-sharma/13382","Banner : Zee Studios, JA Entertainment, Kyta Productions","Producer : Zee Studios , John Abraham, Kyta Productions","Star : John Abraham , Diana Penty, Boman Irani","A look at India's second confidential nuclear test series at Pokhran lead by Dr. APJ Abdul Kalam, during the time of PM Atal Bihari Vajpayee's tenure."
"Raazi","https://www.bollywoodmdb.com/movies/raazi/16354",": 7.53 cr",": 32.94 cr",": 56.59 cr",": 123.17 cr",": 183.87 cr","Drama, Social, Thriller","11 May, 2018 | 2 hrs 20 mins","Meghna Gulzar","https://www.bollywoodmdb.com/celebrities/meghna-gulzar/4641","Banner : Dharma Productions, Junglee Pictures","Producer : Vineet Jain , Karan Johar, Hiroo Johar","Star : Alia Bhatt , Vicky Kaushal, Rajit Kapoor","A Kashmiri woman agrees to marry a Pakistani army officer in order to spy on Pakistan during the Indo-Pakistan War of 1971."
"102 Not Out","https://www.bollywoodmdb.com/movies/102-not-out/16072",": 3.52 cr",": 16.65 cr",": 27.70 cr",": 51.79 cr",": 77.82 cr","Comedy","04 May, 2018 | 1 hrs 41 mins","Umesh Shukla","https://www.bollywoodmdb.com/celebrities/umesh-shukla/7579","Banner : Treetop Entertainment, Benchmark Pictures, Sony Pictures","Producer : SPE Films India , Treetop Entertainment","Star : Amitabh Bachchan , Rishi Kapoor, Jimit Trivedi",""
"Omerta","https://www.bollywoodmdb.com/movies/omerta/16259",": 0.54 cr",": 2.63 cr",": 3.63 cr",": 3.63 cr",": 4 cr","Drama","04 May, 2018 | 1 hrs 38 mins","Hansal Mehta","https://www.bollywoodmdb.com/celebrities/hansal-mehta/4454","Banner : Swiss Entertainment Pvt. Ltd.","Producer : Nahid Khan","Star : Rajkummar Rao , Rajesh Tailang, Timothy Ryan Hickernell","A recounting of the story of infamous British-born terrorist Ahmed Omar Saeed Sheikh, who kidnapped and murdered Wall Street Journal reporter Daniel Pearl in 2002."
"Nanu Ki Jaanu","https://www.bollywoodmdb.com/movies/nanu-ki-jaanu/16392",": 0.75 cr",": 3.10 cr",": 4 cr",": 4.09 cr",": ---","Comedy","20 April, 2018 | 2 hrs 13 mins","Faraz Haider","https://www.bollywoodmdb.com/celebrities/faraz-haider/30252","Banner : Inbox Pictures Pvt. Ltd., PVR Pictures","Producer : Sajid Qureshi","Star : Abhay Deol , Patralekha, Manu Rishi",""
"October","https://www.bollywoodmdb.com/movies/october/16370",": 5.04 cr",": 20.25 cr",": 30.24 cr",": 45.36 cr",": 54.23 cr","Drama, Romance","13 April, 2018 | 1 hrs 56 mins","Shoojit Sircar","https://www.bollywoodmdb.com/celebrities/shoojit-sircar/5085","Banner : Rising Sun Films, Kino Works","Producer : Ronnie Lahiri , Sheel Kumar","Star : Varun Dhawan , Banita Sandhu, Gitanjali Rao","An unusual story about the unrequited love between two hotel management interns and how things unfold after the girl meets with an accident."
"Blackmail","https://www.bollywoodmdb.com/movies/raita/16311",": 2.81 cr",": 11.22 cr",": 16.92 cr",": 19.11 cr",": 28.6 cr","Comedy","06 April, 2018 | 2 hrs 19 mins","Abhinay Deo","https://www.bollywoodmdb.com/celebrities/abhinay-deo/24196","Banner : T-Series Super Cassettes Industries Ltd., RDP Motion Pictures","Producer : Bhushan Kumar , Krishan Kumar, Abhinay Deo","Star : Irrfan Khan , Kirti Kulhari, Arunoday Singh","The whole world of a common man comes crashing down around him when he finds out that his wife is having an extramarital affair in his absence."
"Baaghi 2","https://www.bollywoodmdb.com/movies/baaghi-2/16289",": 25.10 cr",": 73.10 cr",": 112.85 cr",": 165.50 cr",": 251.31 cr","Action, Romance","30 March, 2018 | 2 hrs 25 mins","Ahmed Khan","https://www.bollywoodmdb.com/celebrities/ahmed-khan/4219","Banner : Nadiadwala Grandson Entertainment, Fox Star Studios","Producer : Sajid Nadiadwala","Star : Tiger Shroff , Disha Patani, Manoj Bajpai","A hapless mother contacts her ex-boyfriend to help her find her missing daughter. The man goes all out to find the little girl and, in the process, several secrets come tumbling out."
"Hichki","https://www.bollywoodmdb.com/movies/hichki/16300",": 3.30 cr",": 15.35 cr",": 26.10 cr",": 46.17 cr",": 75.76 cr","Drama, Social","23 March, 2018 | 2 hrs 20 mins","Siddharth P Malhotra","https://www.bollywoodmdb.com/celebrities/siddharth-p-malhotra/34864","Banner : Yash Raj Films","Producer : Maneesh Sharma","Star : Rani Mukherjee , Supriya Pilgaonkar, Sachin Pilgaonkar","A teacher with having Tourette syndrome does not only overcome her challenges but also helps some economically backward children to find their path."
"Raid","https://www.bollywoodmdb.com/movies/raid/16374",": 10.04 cr",": 41.01 cr",": 63.05 cr",": 101.54 cr",": 142.73 cr","Crime, Thriller","16 March, 2018 | 2 hrs 8 mins","Rajkumar Gupta","https://www.bollywoodmdb.com/celebrities/rajkumar-gupta/9615","Banner : T-Series Super Cassettes Industries Ltd., Panorama Studios","Producer : Bhushan Kumar , Krishan Kumar, Kumar Mangat Pathak","Star : Ajay Devgn , Ileana D'cruz, Saurabh Shukla","An Income Tax Officer seizes the bungalow of one of the most powerful and corrupt politicians in Lucknow and conducts one of the longest running raids India ever witnessed."
"Hate Story IV","https://www.bollywoodmdb.com/movies/hate-story-4/16263",": 3.76 cr",": 12.57 cr",": 20.04 cr",": 20.04 cr",": 26 cr","Thriller","09 March, 2018 | 2 hrs 11 mins","Vishal Pandya","https://www.bollywoodmdb.com/celebrities/vishal-pandya/22562","Banner : T-Series Super Cassettes Industries Ltd.","Producer : Krishan Kumar , Bhushan Kumar","Star : Urvashi Rautela , Vivan Bhatena, Karan Wahi",""
"Pari","https://www.bollywoodmdb.com/movies/pari/16323",": 4.36 cr",": 15.34 cr",": 22.75 cr",": 22.75 cr",": 40.31 cr","Horror","02 March, 2018 | 2 hrs 17 mins","Prosit Roy","https://www.bollywoodmdb.com/celebrities/prosit-roy/34989","Banner : Clean Slate Films, KriArj Entertainment, Kyta Productions","Producer : Anushka Sharma , Karnesh Sharma, KriArj Entertainment","Star : Anushka Sharma , Parambrata Chattopadhyay, Rajat Kapoor","Pari is a supernatural horror film in which a man attempts to help a woman named Ruksana, an abuse victim, who he found chained up in a hut."
"Welcome To New York","https://www.bollywoodmdb.com/movies/boom-boom-in-new-york/16432",": 01.00 cr",": 03.00 cr",": 03.00 cr",": 03.00* cr",": 4 cr","Comedy","23 February, 2018 | 2 hrs 4 mins","Chakri Toleti","https://www.bollywoodmdb.com/celebrities/chakri-toleti/35062","Banner : Pooja Entertainment India Ltd., WIZ Films","Producer : Vashu Bhagnani , Jackky Bhagnani, Deepshikha Deshmukh","Star : Sonakshi Sinha , Diljit Dosanjh, Karan Johar",""
"Sonu Ke Titu Ki Sweety","https://www.bollywoodmdb.com/movies/luv-ranjan-bhushan-kumar-s-next/16256",": 6.42 cr",": 26.57 cr",": 45.94 cr",": 108.71 cr",": 148.48 cr","Comedy","23 February, 2018 | 2 hrs 20 mins","Luv Ranjan","https://www.bollywoodmdb.com/celebrities/luv-ranjan/25277","Banner : Luv Films, T-Series","Producer : Ankur Garg , Luv Ranjan, Bhushan Kumar","Star : Kartik Aaryan , Nushrat Bharucha, Sunny Singh Nijjar","Titu is going to marry a perfect woman named Sweety. Titu's best-friend Sonu doubts Sweety's character and tries to break the marriage while Sweety tries to do opposite and which leads to war between Bromance and Romance."
"Aiyaary","https://www.bollywoodmdb.com/movies/aiyaary/16313",": 3.36 cr",": 11.70 cr",": 16.14 cr",": 17.79 cr",": 29.23 cr","Action, Thriller","16 February, 2018 | 2 hrs 40 mins","Neeraj Pandey","https://www.bollywoodmdb.com/celebrities/neeraj-pandey/24309","Banner : Reliance Entertainment, A Friday Filmworks, Plan C Studios","Producer : Shital Bhatia , Dhaval Gada, Aksshay Gada","Star : Siddharth Malhotra , Manoj Bajpai, Rakul Preet","A recent stint in surveillance causes a military intelligence officer to go rogue with highly sensitive data related to his organization, while his mentor, a colonel, tries to catch him before time runs out completely."
"Pad Man","https://www.bollywoodmdb.com/movies/padman/16278",": 10.26 cr",": 40.05 cr",": 62.87 cr",": 80 cr",": 120.56 cr","Social","09 February, 2018 | 2 hrs 20 mins","R. Balki","https://www.bollywoodmdb.com/celebrities/r-balki/12359","Banner : Mrs Funnybones Movies, KriArj Entertainment, Hope Productions","Producer : Twinkle Khanna , Prernaa Arora, Arjun N. Kapoor","Star : Akshay Kumar , Radhika Apte, Sonam Kapoor","Upon realizing the extent to which women are affected by their menses, a man sets out to create a sanitary pad machine and to provide inexpensive sanitary pads to the women of rural India."
"Padmaavat","https://www.bollywoodmdb.com/movies/padmavati/16249",": 24 cr",": 114 cr",": 166.50 cr",": 300.26 cr",": 585 cr","Historical, Drama, Action","25 January, 2018 | 2 hrs 43 mins","Sanjay Leela Bhansali","https://www.bollywoodmdb.com/celebrities/sanjay-leela-bhansali/614","Banner : Viacom18 Motion Pictures, Bhansali Productions","Producer : Sanjay Leela Bhansali , Sudhanshu Vats, Ajit Andhare","Star : Deepika Padukone , Shahid Kapoor, Ranveer Singh","A group of fearless Rajput women self-immolates themselves to save their dignity and honor from atrocious Sultan Alauddin Khilji."
"1921","https://www.bollywoodmdb.com/movies/1921/16349",": 1.56 cr",": 6.45 cr",": 11.58 cr",": 15.67 cr",": 23.40 cr","Horror","12 January, 2018 | 2 hrs 24 mins","Vikram Bhatt","https://www.bollywoodmdb.com/celebrities/vikram-bhatt/5243","Banner : Reliance Entertainment, Motion Picture Capital","Producer : Reliance Entertainment , Vikram Bhatt","Star : Zarine Khan , Karan Kundra, Vikram Bhatt","A young Indian boy, who visits London to study music, is terrified to know that the manor is he living in is haunted. Rose is able to feel and talk to spirits, so she decides to help him in his ordeal."
"Kaalakaandi","https://www.bollywoodmdb.com/movies/kaalagandi/16251",": 1.25 cr",": 3.85 cr",": 5.77 cr",": 5.77 cr",": 6.5 cr","Drama","12 January, 2018 | 1 hrs 52 mins","Akshat Verma","https://www.bollywoodmdb.com/celebrities/akshat-verma/34691","Banner : Cinestaan Film Company, Flying Unicorn Entertainment","Producer : Rohit Khattar , Ashi Dua","Star : Saif Ali Khan , Sobhita Dhulipala, Akshay Oberoi","The film revolves around the lives of 6 people and how in just one night they screw up things for themselves."
"Mukkabaaz","https://www.bollywoodmdb.com/movies/mukkabaaz/16361",": 0.82 cr",": 4.04 cr",": 6.73 cr",": 8.87 cr",": 13 cr","Drama, Sports","12 January, 2018 | 2 hrs 35 mins","Anurag Kashyap","https://www.bollywoodmdb.com/celebrities/anurag-kashyap/4210","Banner : Eros International, Phantom Productions, Colour Yellow Productions Pvt Ltd","Producer : Aanand L Rai , Madhu Mantena, Vikramaditya Motwane","Star : Vineet Kumar Singh , Zoya Hussain, Jimmy Shergill","A Bareilly based boxer wants to play at state and national level, but the powerful senior boxer won't let it happen due to his hurt ego."
"Tiger Zinda Hai","https://www.bollywoodmdb.com/movies/tiger-zinda-hai/16234",": 34.10 cr",": 114.93 cr",": 206.04 cr",": 339.16 cr",": 558 cr","Action, Thriller","22 December, 2017 | 2 hrs 41 mins","Ali Abbas Zafar","https://www.bollywoodmdb.com/celebrities/ali-abbas-zafar/23837","Banner : Yash Raj Films","Producer : Aditya Chopra","Star : Salman Khan , Katrina Kaif, Sajjad Delafrooz","Tiger and Zoya return to rescue 40 nurses held hostage by Abu Usman, the head of terrorist organization ISC."
"Fukrey Returns","https://www.bollywoodmdb.com/movies/fukrey-returns/16308",": 8.10 cr",": 32.20 cr",": 50.55 cr",": 80.13 cr",": 101.78 cr","Comedy","08 December, 2017 | 2 hrs 11 mins","Mrigdeep Singh Lamba","https://www.bollywoodmdb.com/celebrities/mrigdeep-singh-lamba/28277","Banner : Excel Entertainment","Producer : Ritesh Sidhwani , Farhan Akhtar","Star : Richa Chadda , Pulkit Samrat, Varun Sharma","Lady don, Bholi Punjaban, is out from jail and now she wants Rs.10 crores from the four fukras, so that she could give the money to the powerful politician who arranged her release from prison."
"Firangi","https://www.bollywoodmdb.com/movies/firangi/16292",": 1.85 cr",": 6.60 cr",": 9.50 cr",": 9.50 cr",": 10.30 cr","Comedy","01 December, 2017 | 2 hrs 40 mins","Rajiev Dhingra","https://www.bollywoodmdb.com/celebrities/rajiev-dhingra/35531","Banner : K9 Films","Producer : Kapil Sharma","Star : Kapil Sharma , Ishita Dutta, Monica Gill","An unemployed village boy during the British Raj gets a job in the British police force. But instead of bringing happiness, the new job gets him into a whirlpool of several problems."
"Tumhari Sulu","https://www.bollywoodmdb.com/movies/tumhari-sulu/16264",": 2.87 cr",": 12.87 cr",": 19.78 cr",": 34.14 cr",": 50.80 cr","Comedy, Drama","17 November, 2017 | 2 hrs 20 mins","Suresh Triveni","https://www.bollywoodmdb.com/celebrities/suresh-triveni/34736","Banner : Ellipsis Entertainment, T-Series Super Cassettes Industries Ltd.","Producer : Bhushan Kumar , Krishan Kumar, Tanuj Garg","Star : Vidya Balan , Manav Kaul, Neha Dhupia","Middle-class Sulu wants to live life to the hilt, so she becomes a late night Radio jockey to add spice to her dull life and earn some extra money."
"Aksar 2","https://www.bollywoodmdb.com/movies/aksar-2/16355",": 0.80 cr",": 2.90 cr",": 5.30 cr",": 5.60 cr",": 11 cr","Thriller","17 November, 2017 | 1 hrs 57 mins","Anant Mahadevan","https://www.bollywoodmdb.com/celebrities/anant-mahadevan/4213","Banner : Siddhi Vinayak Creations","Producer : Narendra Bajaj , Chirag Bajaj","Star : Zarine Khan , Gautam Rode, Abhinav Shukla","A bunch of people uses their whole bag of tricks to obtain possession of the property of an ill and aging woman called Dolly Khambatta, without realizing that their avarice can lead them to destructive consequences."
"Qarib Qarib Singlle","https://www.bollywoodmdb.com/movies/qareeb-qareeb-single/16383",": 1.75 cr",": 8.30 cr",": 12.15 cr",": 12.15 cr",": 17 cr","Comedy, Romance","10 November, 2017 | 2 hrs 5 mins","Tanuja Chandra","https://www.bollywoodmdb.com/celebrities/tanuja-chandra/5211","Banner : Jar Pictures, Zee Studios","Producer : Zee Studios , Sutapa Sikdar, Shailja Kejriwal","Star : Irrfan Khan , Parvathy, Neha Dhupia","Two diametrically opposite people find love on their way to meeting their excess in various different parts of the county."
"Ittefaq","https://www.bollywoodmdb.com/movies/ittefaq/16298",": 4.05 cr",": 16.05 cr",": 23.65 cr",": 27.40 cr",": 51.47 cr","Thriller","03 November, 2017 | 1 hrs 47 mins","Abhay Chopra","https://www.bollywoodmdb.com/celebrities/abhay-chopra/6212","Banner : B R Films, Dharma Productions, Red Chillies Entertainment","Producer : Renu Ravi Chopra , Hiroo Johar, Gauri Khan","Star : Siddharth Malhotra , Sonakshi Sinha, Akshaye Khanna","In a rainy night in Mumbai, the police find two dead bodies and, surprisingly, there are two prime suspects in what once seemed like an open-and-shut case."
"Golmaal Again","https://www.bollywoodmdb.com/movies/golmaal-4/15270",": 30.14 cr",": 87.60 cr",": 136.07 cr",": 205.52 cr",": 309.37 cr","Comedy","20 October, 2017 | 2 hrs 31 mins","Rohit Shetty","https://www.bollywoodmdb.com/celebrities/rohit-shetty/4858","Banner : Reliance Entertainment","Producer : Rohit Shetty","Star : Ajay Devgn , Parineeti Chopra, Arshad Warsi","A bunch of ex-friends, keeping their all differences aside, join hands to save the orphanage where they had spent some most memorable moments of their lives."
"Secret Superstar","https://www.bollywoodmdb.com/movies/secret-superstar/16224",": 4.80 cr",": 31.10 cr",": 41.59 cr",": 59.34 cr",": 547 cr","Drama, Musical","19 October, 2017 | 2 hrs 30 mins","Advait Chandan","https://www.bollywoodmdb.com/celebrities/advait-chandan/25097","Banner : Zee Studios, Aamir Khan Productions","Producer : Aamir Khan , Kiran Rao, Zee Studios","Star : Zaira Wasim , Meher Vij, Raj Arjun","A girl, who hails from a conservative Muslim family, has only one dream in her eyes - to become a singer. When her father does not value and support her dream, she takes to YouTube and becomes an overnight star."
"Chef","https://www.bollywoodmdb.com/movies/chef/16170",": 1.05 cr",": 4 cr",": 5.60 cr",": 6.37 cr",": 5 cr","Drama","06 October, 2017 | 2 hrs 13 mins","Raja Krishna Menon","https://www.bollywoodmdb.com/celebrities/raja-krishna-menon/32744","Banner : T-Series","Producer : Krishan Kumar , Vikram Malhotra, Janani Ravichandran","Star : Saif Ali Khan , Padmapriya, Svar Kamble","The story of a man who left his career to follow his passion and to reunite with the most important people in life, his family."
"Judwaa 2","https://www.bollywoodmdb.com/movies/judwaa-2/14627",": 16.10 cr",": 59.25 cr",": 98.08 cr",": 138.47 cr",": 215 cr","Comedy","29 September, 2017 | 2 hrs 30 mins","David Dhawan","https://www.bollywoodmdb.com/celebrities/david-dhawan/4384","Banner : Nadiadwala Grandson Entertainment, Fox Star Studios","Producer : Sajid Nadiadwala","Star : Varun Dhawan , Jacqueline Fernandez, Taapsee Pannu","Twins Raja and Prem separate right after their birth and meet as grown-ups to take revenge from a high profile criminal who had stolen the former from the hospital because their father had helped the police in arresting him in a smuggling case."
"Newton","https://www.bollywoodmdb.com/movies/newton/16288",": 0.96 cr",": 6.90 cr",": 11.83 cr",": 22.79 cr",": 65 cr","Comedy, Drama","22 September, 2017 | 1 hrs 47 mins","Amit Masurkar","https://www.bollywoodmdb.com/celebrities/amit-masurkar/27166","Banner : Eros International, Colour Yellow Productions Pvt Ltd, Drishyam Films","Producer : Manish Mundra","Star : Rajkummar Rao , Pankaj Tripathi, Anjali Patil","Nutan Kumar aka Newton, a newly recruited government employee gives his all to fulfil his responsibility of carrying out fair election in a Naxal hit area."
"Bhoomi","https://www.bollywoodmdb.com/movies/bhoomi/16260",": 2.25 cr",": 7.48 cr",": 10.28 cr",": 10.63 cr",": 15.68 cr","Drama","22 September, 2017 | 2 hrs 15 mins","Omung Kumar","https://www.bollywoodmdb.com/celebrities/omung-kumar/13163","Banner : T-Series Super Cassettes Industries Ltd., Legend Studios","Producer : Sandeep Singh , Bhushan Kumar, Krishan Kumar","Star : Sanjay Dutt , Aditi Rao Hydari, Sharad Kelkar","A gory revenge tale of father and daughter, who seeks redemption for the injustice for caused by the Dhaulia!"
"Haseena Parkar","https://www.bollywoodmdb.com/movies/haseena-the-queen-of-mumbai/16088",": 1.87 cr",": 6.10 cr",": 8 cr",": 8.03 cr",": 9 cr","Biographical, Crime","22 September, 2017 | 2 hrs 4 mins","Apoorva Lakhia","https://www.bollywoodmdb.com/celebrities/apoorva-lakhia/4198","Banner : Swiss Entertainment Pvt. Ltd.","Producer : Nahid Khan","Star : Shraddha Kapoor , Siddhanth Kapoor, Ankur Bhatia","The biographical film on the life of Haseena Parkar who managed the underworld business of her gangster brother Dawood Ibrahim."
"Lucknow Central","https://www.bollywoodmdb.com/movies/lucknow-central/16267",": 2.04 cr",": 8.42 cr",": 10.42 cr",": 11.20 cr",": 16.95 cr","Thriller","15 September, 2017 | 2 hrs 27 mins","Ranjit Tiwari","https://www.bollywoodmdb.com/celebrities/ranjit-tiwari/29193","Banner : Viacom18 Motion Pictures, Emmay Entertainment Pvt. Ltd","Producer : Monisha Advani , Nikhil Advani, Viacom18 Motion Pictures","Star : Farhan Akhtar , Diana Penty, Deepak Dobriyal","Kishen is wrongly framed in a murder case and sent to Lucknow Central where he plans to escape with the help of jail inmates."
"Simran","https://www.bollywoodmdb.com/movies/simran/16090",": 2.77 cr",": 10.65 cr",": 15.48 cr",": 17.26 cr",": 27.69 cr","Drama","15 September, 2017 | 2 hrs 4 mins","Hansal Mehta","https://www.bollywoodmdb.com/celebrities/hansal-mehta/4454","Banner : T-Series Super Cassettes Industries Ltd., Karma Features Pvt. Ltd.","Producer : Bhushan Kumar , Shailesh R. Singh, Amit Agarwal","Star : Kangana Ranaut , Sohum Shah, Rupinder Nagra","The bittersweet tale of a 30-year old Gujarati girl Praful Patel who turns to gambling and robbery due to unforeseen circumstances haunting her."
"Poster Boys","https://www.bollywoodmdb.com/movies/poster-boys/16269",": 1.75 cr",": 7.25 cr",": 11.20 cr",": 12.73 cr",": 18.61 cr","Comedy","08 September, 2017 | 2 hrs 11 mins","Shreyas Talpade","https://www.bollywoodmdb.com/celebrities/shreyas-talpade/664","Banner : Sony Pictures Networks Productions, Sunny Sounds Pvt Ltd, Affluence Movies Pvt. Ltd.","Producer : Sony Pictures Networks Productions , Sunny Sounds Pvt Ltd, Shreyas Talpade","Star : Sunny Deol , Bobby Deol, Shreyas Talpade","Jaagavar Chaudhary, Vinay Sharma, and Arjun Singh's embarrassment knows no bounds when, on an unfortunate day, they find their pictures on posters promoting vasectomy. How they prove to the world that they haven't gone under the knife is what forms the crux of the story."